Product_ID,Product_Name,Supplier_Region,Supplier_Id,Lead_Time_Days,Order_Volume_Units,Cost_per_Unit,Supply_Risk_Score,Profit_Impact_Score,Environmental_Impact,Single_Source_Risk
P001,Semiconductors,South America,Semiconductors_South America,81,171,255.03,5,5,4,0
P002,Semiconductors,South America,Semiconductors_South America,8,763,380.33,5,4,4,0
P003,Pharma APIs,Asia,Pharma APIs_Asia,65,413,385.24,4,5,5,0
P004,Semiconductors,South America,Semiconductors_South America,70,882,287.64,5,5,5,0
P005,Lithium Batteries,Asia,Lithium Batteries_Asia,15,120,382.26,4,4,4,0
P006,AI Chips,Asia,AI Chips_Asia,84,466,405.27,5,5,5,0
P007,Lithium Batteries,South America,Lithium Batteries_South America,69,101,398.76,5,4,5,0
P008,AI Chips,South America,AI Chips_South America,68,369,481.85,5,4,4,0
P009,Pharma APIs,Asia,Pharma APIs_Asia,35,978,424.2,3,4,4,0
P010,Semiconductors,Africa,Semiconductors_Africa,87,620,204.69,5,5,5,0
P011,Pharma APIs,Asia,Pharma APIs_Asia,78,872,431.38,5,3,5,0
P012,Pharma APIs,Africa,Pharma APIs_Africa,41,506,219.07,5,5,5,0
P013,Lithium Batteries,Africa,Lithium Batteries_Africa,33,742,491.51,5,4,4,0
P014,Lithium Batteries,Africa,Lithium Batteries_Africa,10,991,233.27,3,3,4,0
P015,AI Chips,Asia,AI Chips_Asia,34,754,381.33,5,5,4,0
P016,AI Chips,South America,AI Chips_South America,68,745,288.69,5,5,5,0
P017,Lithium Batteries,Africa,Lithium Batteries_Africa,78,732,394.31,5,4,5,0
P018,Semiconductors,Africa,Semiconductors_Africa,38,918,266.63,5,5,5,0
P019,Pharma APIs,South America,Pharma APIs_South America,9,929,321.15,5,4,4,0
P020,Lithium Batteries,South America,Lithium Batteries_South America,7,798,499.32,5,3,4,0
P021,Semiconductors,Africa,Semiconductors_Africa,62,829,359.28,5,5,5,0
P022,Semiconductors,South America,Semiconductors_South America,22,936,440.94,5,5,5,0
P023,Lithium Batteries,Africa,Lithium Batteries_Africa,73,563,352.46,5,5,4,0
P024,Semiconductors,Africa,Semiconductors_Africa,17,919,393.55,4,4,4,0
P025,Pharma APIs,Africa,Pharma APIs_Africa,66,514,262.72,4,3,5,0
P026,Lithium Batteries,Africa,Lithium Batteries_Africa,25,751,227.93,5,3,4,0
P027,Pharma APIs,Africa,Pharma APIs_Africa,31,153,456.9,4,4,5,0
P028,Lithium Batteries,Asia,Lithium Batteries_Asia,74,805,291.61,4,4,5,0
P029,Lithium Batteries,Africa,Lithium Batteries_Africa,54,603,253.65,4,3,5,0
P030,Pharma APIs,South America,Pharma APIs_South America,60,121,390.9,3,5,5,0
P031,Pharma APIs,Asia,Pharma APIs_Asia,54,897,438.44,3,3,4,0
P032,Semiconductors,South America,Semiconductors_South America,12,611,430.57,4,4,4,0
P033,Semiconductors,Africa,Semiconductors_Africa,69,448,485.92,5,3,4,0
P034,Lithium Batteries,Asia,Lithium Batteries_Asia,60,355,455.34,4,5,4,0
P035,AI Chips,Africa,AI Chips_Africa,33,725,221.12,4,5,5,0
P036,AI Chips,Africa,AI Chips_Africa,32,492,422.23,4,5,4,0
P037,Semiconductors,Asia,Semiconductors_Asia,22,927,383.45,4,4,5,0
P038,AI Chips,Africa,AI Chips_Africa,57,191,301.4,5,4,5,0
P039,Lithium Batteries,Asia,Lithium Batteries_Asia,21,249,494.55,5,4,5,0
P040,AI Chips,Asia,AI Chips_Asia,53,363,298,5,5,4,0
P041,Semiconductors,South America,Semiconductors_South America,69,368,417.83,5,4,5,0
P042,Semiconductors,Africa,Semiconductors_Africa,18,840,223.54,5,4,5,0
P043,Lithium Batteries,South America,Lithium Batteries_South America,7,850,474.56,3,4,5,0
P044,Pharma APIs,Africa,Pharma APIs_Africa,63,680,397.13,4,5,5,0
P045,Lithium Batteries,Asia,Lithium Batteries_Asia,54,193,213.8,5,5,5,0
P046,Lithium Batteries,South America,Lithium Batteries_South America,40,833,251.96,4,4,4,0
P047,Pharma APIs,Asia,Pharma APIs_Asia,8,541,387.76,3,5,5,0
P048,Lithium Batteries,Africa,Lithium Batteries_Africa,67,951,390.92,4,4,5,0
P049,Semiconductors,Africa,Semiconductors_Africa,18,676,387.78,3,3,4,0
P050,Semiconductors,South America,Semiconductors_South America,80,853,211.69,4,5,4,0
P051,AI Chips,Asia,AI Chips_Asia,42,295,278.21,5,4,5,0
P052,Lithium Batteries,Africa,Lithium Batteries_Africa,42,493,284.61,3,5,4,0
P053,AI Chips,Asia,AI Chips_Asia,29,762,374.16,5,3,5,0
P054,Lithium Batteries,Asia,Lithium Batteries_Asia,65,980,313.32,4,3,5,0
P055,Semiconductors,Africa,Semiconductors_Africa,58,332,203.25,4,5,4,0
P056,Semiconductors,Africa,Semiconductors_Africa,29,168,224.99,4,3,4,0
P057,Pharma APIs,Africa,Pharma APIs_Africa,41,141,227.36,4,3,5,0
P058,Semiconductors,South America,Semiconductors_South America,13,850,411.75,3,3,5,0
P059,AI Chips,Asia,AI Chips_Asia,89,894,221.83,3,5,5,0
P060,Pharma APIs,Asia,Pharma APIs_Asia,37,599,311.19,4,4,4,0
P061,Semiconductors,Africa,Semiconductors_Africa,51,190,367.52,4,5,5,0
P062,Lithium Batteries,Africa,Lithium Batteries_Africa,7,759,371.44,4,5,5,0
P063,Semiconductors,Asia,Semiconductors_Asia,12,290,488.65,4,4,5,0
P064,AI Chips,South America,AI Chips_South America,42,928,490.96,4,5,4,0
P065,Semiconductors,Africa,Semiconductors_Africa,60,146,222.63,5,4,4,0
P066,AI Chips,South America,AI Chips_South America,42,111,421.13,3,5,5,0
P067,AI Chips,Africa,AI Chips_Africa,23,639,268.82,5,5,5,0
P068,Lithium Batteries,South America,Lithium Batteries_South America,12,831,444.14,5,3,5,0
P069,AI Chips,South America,AI Chips_South America,11,549,374.35,5,4,5,0
P070,Semiconductors,Africa,Semiconductors_Africa,69,245,433.28,4,4,5,0
P071,Lithium Batteries,Africa,Lithium Batteries_Africa,27,560,452.64,5,3,4,0
P072,Pharma APIs,Africa,Pharma APIs_Africa,59,808,407.51,3,5,4,0
P073,Lithium Batteries,Asia,Lithium Batteries_Asia,83,184,313.36,5,4,5,0
P074,Pharma APIs,Africa,Pharma APIs_Africa,40,899,401.51,5,4,5,0
P075,AI Chips,Asia,AI Chips_Asia,63,367,356.05,5,4,4,0
P076,Lithium Batteries,South America,Lithium Batteries_South America,44,306,208.63,5,5,4,0
P077,Pharma APIs,Africa,Pharma APIs_Africa,58,197,305.18,5,5,5,0
P078,Lithium Batteries,Asia,Lithium Batteries_Asia,10,641,435.1,4,3,4,0
P079,AI Chips,South America,AI Chips_South America,72,607,347.63,5,3,5,0
P080,Lithium Batteries,Africa,Lithium Batteries_Africa,22,982,373.89,5,5,4,0
P081,Pharma APIs,Africa,Pharma APIs_Africa,67,380,408.95,4,5,4,0
P082,AI Chips,South America,AI Chips_South America,7,565,446.54,3,4,5,0
P083,Lithium Batteries,Asia,Lithium Batteries_Asia,32,645,261.9,5,4,4,0
P084,Lithium Batteries,Asia,Lithium Batteries_Asia,42,155,406.34,3,4,5,0
P085,Lithium Batteries,South America,Lithium Batteries_South America,34,791,379.18,5,4,4,0
P086,Semiconductors,Africa,Semiconductors_Africa,29,765,416.15,5,5,5,0
P087,AI Chips,Africa,AI Chips_Africa,34,373,209.14,5,3,5,0
P088,AI Chips,Asia,AI Chips_Asia,31,185,452.21,3,3,5,0
P089,Pharma APIs,South America,Pharma APIs_South America,14,245,394.65,5,5,4,0
P090,Pharma APIs,South America,Pharma APIs_South America,62,524,238.27,4,5,4,0
P091,Semiconductors,South America,Semiconductors_South America,10,388,381.73,4,5,4,0
P092,AI Chips,Africa,AI Chips_Africa,37,706,285.53,5,5,5,0
P093,Pharma APIs,Africa,Pharma APIs_Africa,57,105,499.18,5,5,5,0
P094,AI Chips,Asia,AI Chips_Asia,74,491,367.03,4,5,5,0
P095,Semiconductors,South America,Semiconductors_South America,17,239,420.87,5,3,4,0
P096,Semiconductors,South America,Semiconductors_South America,16,772,359.78,4,5,5,0
P097,Pharma APIs,Asia,Pharma APIs_Asia,81,695,405.37,4,3,4,0
P098,Semiconductors,South America,Semiconductors_South America,81,705,323.55,5,5,4,0
P099,Lithium Batteries,Asia,Lithium Batteries_Asia,20,612,313.77,5,4,5,0
P100,Pharma APIs,South America,Pharma APIs_South America,48,104,249.28,5,3,4,0
P1000,Cleaning Supplies,Asia,Cleaning Supplies_Asia,76,9018,29.98,1,3,1,1
P101,Lithium Batteries,Asia,Lithium Batteries_Asia,29,715,335.58,5,4,5,0
P102,Semiconductors,South America,Semiconductors_South America,45,324,269.66,3,5,4,0
P103,Semiconductors,Africa,Semiconductors_Africa,39,278,299.84,5,4,5,0
P104,Pharma APIs,Asia,Pharma APIs_Asia,61,256,371.95,4,5,5,0
P105,Lithium Batteries,Asia,Lithium Batteries_Asia,19,621,370.97,5,5,4,0
P106,Semiconductors,Asia,Semiconductors_Asia,74,795,337.1,3,5,4,0
P107,Pharma APIs,South America,Pharma APIs_South America,75,726,203.66,5,5,4,0
P108,Pharma APIs,Africa,Pharma APIs_Africa,18,649,472.54,4,5,5,0
P109,AI Chips,Asia,AI Chips_Asia,37,722,351.77,3,5,5,0
P110,AI Chips,Africa,AI Chips_Africa,52,561,223.2,5,4,5,0
P111,Lithium Batteries,Africa,Lithium Batteries_Africa,46,281,451.67,4,5,4,0
P112,Semiconductors,Asia,Semiconductors_Asia,41,236,216.43,4,3,5,0
P113,Semiconductors,Africa,Semiconductors_Africa,23,905,459.06,5,5,5,0
P114,Pharma APIs,Africa,Pharma APIs_Africa,39,278,335.73,4,3,5,0
P115,Lithium Batteries,Asia,Lithium Batteries_Asia,55,765,283.28,5,3,5,0
P116,Pharma APIs,Asia,Pharma APIs_Asia,57,800,225.6,4,5,5,0
P117,Semiconductors,Asia,Semiconductors_Asia,24,769,304.82,5,5,4,0
P118,Lithium Batteries,South America,Lithium Batteries_South America,57,293,335.99,5,4,5,0
P119,Semiconductors,South America,Semiconductors_South America,40,154,300.31,5,5,4,0
P120,Pharma APIs,Asia,Pharma APIs_Asia,73,899,493.68,3,5,5,0
P121,Pharma APIs,Asia,Pharma APIs_Asia,14,427,351.65,5,5,5,0
P122,AI Chips,Asia,AI Chips_Asia,20,387,496.62,4,4,5,0
P123,Semiconductors,Asia,Semiconductors_Asia,25,429,226.08,5,4,4,0
P124,Pharma APIs,Africa,Pharma APIs_Africa,8,996,411.18,4,5,4,0
P125,Semiconductors,South America,Semiconductors_South America,59,360,280.42,3,4,4,0
P126,Pharma APIs,South America,Pharma APIs_South America,87,463,492.36,5,5,5,0
P127,AI Chips,Africa,AI Chips_Africa,28,651,280.6,3,4,5,0
P128,Semiconductors,Asia,Semiconductors_Asia,24,128,239.68,5,5,4,0
P129,Pharma APIs,South America,Pharma APIs_South America,33,133,372.95,4,5,4,0
P130,Lithium Batteries,Asia,Lithium Batteries_Asia,51,709,419.66,5,5,5,0
P131,Lithium Batteries,South America,Lithium Batteries_South America,57,733,314.94,5,3,5,0
P132,Lithium Batteries,Asia,Lithium Batteries_Asia,60,248,273.6,5,5,4,0
P133,AI Chips,South America,AI Chips_South America,87,505,486.23,5,5,4,0
P134,AI Chips,Asia,AI Chips_Asia,7,300,246.4,3,3,5,0
P135,Lithium Batteries,South America,Lithium Batteries_South America,18,124,379.49,3,5,4,0
P136,Semiconductors,Asia,Semiconductors_Asia,53,916,442.23,5,4,4,0
P137,Pharma APIs,Africa,Pharma APIs_Africa,86,875,461.88,4,5,4,0
P138,AI Chips,Asia,AI Chips_Asia,53,367,471.01,4,4,4,0
P139,Pharma APIs,Africa,Pharma APIs_Africa,13,893,477.57,5,5,4,0
P140,Lithium Batteries,Africa,Lithium Batteries_Africa,24,926,234.58,4,5,4,0
P141,Semiconductors,Asia,Semiconductors_Asia,43,258,211.1,5,5,5,0
P142,Semiconductors,Asia,Semiconductors_Asia,31,463,417.43,4,5,4,0
P143,Lithium Batteries,Africa,Lithium Batteries_Africa,40,525,465.79,5,4,5,0
P144,AI Chips,Africa,AI Chips_Africa,35,373,255.64,5,4,5,0
P145,AI Chips,Africa,AI Chips_Africa,36,847,211.28,3,4,4,0
P146,Lithium Batteries,Asia,Lithium Batteries_Asia,74,676,356.76,4,4,5,0
P147,AI Chips,Asia,AI Chips_Asia,74,804,212.63,5,3,4,0
P148,Pharma APIs,Africa,Pharma APIs_Africa,68,479,439.4,4,5,5,0
P149,Lithium Batteries,Asia,Lithium Batteries_Asia,80,871,423.01,5,4,4,0
P150,Semiconductors,South America,Semiconductors_South America,60,852,266.15,4,3,5,0
P151,Semiconductors,Africa,Semiconductors_Africa,56,119,355.48,4,5,5,0
P152,AI Chips,Asia,AI Chips_Asia,79,259,246.17,5,3,4,0
P153,Pharma APIs,Asia,Pharma APIs_Asia,31,716,227.45,4,5,5,0
P154,AI Chips,Africa,AI Chips_Africa,44,139,442.85,5,5,4,0
P155,Pharma APIs,Asia,Pharma APIs_Asia,87,553,214.64,3,3,4,0
P156,AI Chips,South America,AI Chips_South America,39,448,344.18,5,3,4,0
P157,AI Chips,Asia,AI Chips_Asia,51,191,460.45,4,5,4,0
P158,Lithium Batteries,Asia,Lithium Batteries_Asia,64,766,231.75,5,4,5,0
P159,Lithium Batteries,South America,Lithium Batteries_South America,88,493,447.75,5,5,5,0
P160,Pharma APIs,Asia,Pharma APIs_Asia,23,623,426.99,5,5,4,0
P161,Pharma APIs,South America,Pharma APIs_South America,77,955,390.2,5,5,4,0
P162,AI Chips,Asia,AI Chips_Asia,74,511,452.04,3,5,5,0
P163,Pharma APIs,South America,Pharma APIs_South America,71,830,220.35,4,5,5,0
P164,AI Chips,Asia,AI Chips_Asia,58,405,213.72,5,5,5,0
P165,Lithium Batteries,Africa,Lithium Batteries_Africa,32,132,219.69,5,4,5,0
P166,AI Chips,Africa,AI Chips_Africa,35,198,499.14,5,4,4,0
P167,Semiconductors,Africa,Semiconductors_Africa,62,183,224.71,4,5,5,0
P168,Pharma APIs,Africa,Pharma APIs_Africa,9,968,472.86,3,3,4,0
P169,Semiconductors,Asia,Semiconductors_Asia,21,626,468.23,3,5,5,0
P170,Pharma APIs,Asia,Pharma APIs_Asia,52,529,490.46,5,5,4,0
P171,AI Chips,Africa,AI Chips_Africa,31,792,387.87,5,5,5,0
P172,AI Chips,South America,AI Chips_South America,8,335,237.56,4,5,5,0
P173,Pharma APIs,South America,Pharma APIs_South America,44,820,495.31,5,4,5,0
P174,Pharma APIs,South America,Pharma APIs_South America,23,201,427.12,5,3,4,0
P175,Pharma APIs,Asia,Pharma APIs_Asia,8,691,242.75,4,5,5,0
P176,Lithium Batteries,Africa,Lithium Batteries_Africa,52,688,305.19,4,4,5,0
P177,AI Chips,Africa,AI Chips_Africa,12,986,260.05,4,5,5,0
P178,Lithium Batteries,South America,Lithium Batteries_South America,13,515,215.59,5,4,4,0
P179,Semiconductors,Africa,Semiconductors_Africa,66,413,364.28,5,4,5,0
P180,AI Chips,Asia,AI Chips_Asia,25,111,417.45,4,5,4,0
P181,Semiconductors,Africa,Semiconductors_Africa,24,832,423.28,5,5,4,0
P182,Semiconductors,South America,Semiconductors_South America,67,972,498.9,5,5,4,0
P183,Lithium Batteries,Africa,Lithium Batteries_Africa,30,431,261.07,5,3,4,0
P184,Pharma APIs,South America,Pharma APIs_South America,42,481,420.61,3,5,5,0
P185,AI Chips,South America,AI Chips_South America,64,677,346,5,5,4,0
P186,AI Chips,Asia,AI Chips_Asia,14,629,315.15,5,5,5,0
P187,Pharma APIs,Asia,Pharma APIs_Asia,47,625,253.9,4,5,5,0
P188,AI Chips,South America,AI Chips_South America,23,113,321.51,5,5,5,0
P189,Semiconductors,Asia,Semiconductors_Asia,53,262,319.71,3,5,4,0
P190,Semiconductors,South America,Semiconductors_South America,7,369,222.05,4,4,5,0
P191,Lithium Batteries,Asia,Lithium Batteries_Asia,53,612,385.14,5,4,4,0
P192,Lithium Batteries,Africa,Lithium Batteries_Africa,67,731,434.54,5,4,5,0
P193,Pharma APIs,Asia,Pharma APIs_Asia,41,610,217.13,4,5,4,0
P194,AI Chips,South America,AI Chips_South America,49,260,226.57,3,4,4,0
P195,AI Chips,Africa,AI Chips_Africa,29,284,391.74,5,4,4,0
P196,Pharma APIs,South America,Pharma APIs_South America,14,737,237.72,5,5,4,0
P197,AI Chips,Africa,AI Chips_Africa,40,768,419.25,4,5,5,0
P198,Lithium Batteries,South America,Lithium Batteries_South America,82,513,483.38,5,3,5,0
P199,Semiconductors,South America,Semiconductors_South America,68,900,406.86,4,3,4,0
P200,Pharma APIs,Asia,Pharma APIs_Asia,83,674,381.49,4,4,4,0
P201,Semiconductors,South America,Semiconductors_South America,88,480,463.55,5,4,5,0
P202,Lithium Batteries,South America,Lithium Batteries_South America,21,430,330.67,5,3,4,0
P203,Lithium Batteries,Asia,Lithium Batteries_Asia,50,927,318.85,4,5,4,0
P204,AI Chips,South America,AI Chips_South America,32,721,381.03,4,5,5,0
P205,Pharma APIs,Asia,Pharma APIs_Asia,85,728,343.75,5,4,4,0
P206,Pharma APIs,Africa,Pharma APIs_Africa,27,442,318.31,5,3,5,0
P207,Semiconductors,Africa,Semiconductors_Africa,74,216,469.01,5,5,5,0
P208,Lithium Batteries,Asia,Lithium Batteries_Asia,35,433,258.37,4,5,4,0
P209,Semiconductors,South America,Semiconductors_South America,10,205,374.28,4,3,5,0
P210,AI Chips,Asia,AI Chips_Asia,69,450,254.34,5,5,5,0
P211,Pharma APIs,Africa,Pharma APIs_Africa,50,135,255.57,4,4,5,0
P212,Pharma APIs,Asia,Pharma APIs_Asia,32,240,233.69,4,4,4,0
P213,Lithium Batteries,Asia,Lithium Batteries_Asia,43,732,252.43,4,5,4,0
P214,Pharma APIs,South America,Pharma APIs_South America,61,159,446.78,5,5,4,0
P215,AI Chips,Asia,AI Chips_Asia,54,207,270.57,3,4,5,0
P216,Lithium Batteries,South America,Lithium Batteries_South America,63,259,382.13,3,3,4,0
P217,AI Chips,South America,AI Chips_South America,45,362,282.36,4,4,4,0
P218,Lithium Batteries,South America,Lithium Batteries_South America,38,799,497.38,4,4,5,0
P219,Semiconductors,Asia,Semiconductors_Asia,76,840,279.47,3,5,4,0
P220,Lithium Batteries,Africa,Lithium Batteries_Africa,78,927,332.72,3,5,5,0
P221,AI Chips,South America,AI Chips_South America,87,157,269.25,5,5,4,0
P222,Semiconductors,Asia,Semiconductors_Asia,37,363,339.56,4,3,5,0
P223,Semiconductors,Asia,Semiconductors_Asia,29,545,360.75,5,4,5,0
P224,Pharma APIs,Asia,Pharma APIs_Asia,76,971,206.01,4,4,5,0
P225,AI Chips,South America,AI Chips_South America,20,260,426.58,5,4,4,0
P226,Pharma APIs,Africa,Pharma APIs_Africa,71,677,278.93,3,3,4,0
P227,Semiconductors,South America,Semiconductors_South America,49,765,283.91,5,5,5,0
P228,Semiconductors,South America,Semiconductors_South America,51,589,455.43,5,5,5,0
P229,Semiconductors,Africa,Semiconductors_Africa,21,561,359.74,5,4,5,0
P230,Lithium Batteries,South America,Lithium Batteries_South America,31,565,246.14,3,5,5,0
P231,Lithium Batteries,South America,Lithium Batteries_South America,58,881,476.83,5,3,4,0
P232,Semiconductors,Asia,Semiconductors_Asia,85,752,447.56,4,3,4,0
P233,Pharma APIs,Africa,Pharma APIs_Africa,66,227,433.02,4,5,5,0
P234,Semiconductors,Africa,Semiconductors_Africa,11,353,264.81,5,5,5,0
P235,Semiconductors,Africa,Semiconductors_Africa,89,481,263.53,5,4,4,0
P236,Lithium Batteries,Asia,Lithium Batteries_Asia,58,289,236.42,5,3,5,0
P237,Lithium Batteries,Africa,Lithium Batteries_Africa,13,330,358.11,5,4,5,0
P238,Semiconductors,South America,Semiconductors_South America,68,840,448.26,5,5,4,0
P239,Semiconductors,Africa,Semiconductors_Africa,19,760,437.1,3,4,5,0
P240,Lithium Batteries,Asia,Lithium Batteries_Asia,66,792,388.79,5,4,5,0
P241,Semiconductors,South America,Semiconductors_South America,58,282,453.31,4,5,4,0
P242,Lithium Batteries,Asia,Lithium Batteries_Asia,7,496,435.5,4,4,4,0
P243,AI Chips,Asia,AI Chips_Asia,40,109,276.4,5,5,5,0
P244,Pharma APIs,Asia,Pharma APIs_Asia,38,178,391,5,4,4,0
P245,Pharma APIs,Africa,Pharma APIs_Africa,57,944,404.07,3,3,5,0
P246,Pharma APIs,Africa,Pharma APIs_Africa,58,247,210.67,4,5,4,0
P247,Semiconductors,Asia,Semiconductors_Asia,14,662,435.15,4,4,4,0
P248,Pharma APIs,Asia,Pharma APIs_Asia,85,467,224.79,4,5,5,0
P249,AI Chips,Asia,AI Chips_Asia,68,935,276.62,4,5,5,0
P250,Semiconductors,South America,Semiconductors_South America,38,751,439.61,4,4,4,0
P251,Customized Valves,Asia,Customized Valves_Asia,79,275,223.3,5,3,3,0
P252,Rare Earth Metals,Europe,Rare Earth Metals_Europe,52,163,210.02,4,2,4,0
P253,Rare Earth Metals,Asia,Rare Earth Metals_Asia,24,81,157.18,4,2,4,0
P254,Rare Earth Metals,Asia,Rare Earth Metals_Asia,28,441,192.11,5,3,4,0
P255,Customized Valves,Asia,Customized Valves_Asia,56,318,207.91,5,3,4,0
P256,Customized Valves,Asia,Customized Valves_Asia,62,93,130.14,3,1,3,0
P257,Customized Valves,Asia,Customized Valves_Asia,14,462,213,3,1,4,0
P258,Specialty Gases,Europe,Specialty Gases_Europe,16,413,262.35,5,2,3,0
P259,Rare Earth Metals,Asia,Rare Earth Metals_Asia,64,460,223.2,4,2,4,0
P260,Specialty Gases,Europe,Specialty Gases_Europe,76,170,102.21,5,2,4,0
P261,Catalysts,Europe,Catalysts_Europe,32,160,124.94,4,2,3,0
P262,Rare Earth Metals,Europe,Rare Earth Metals_Europe,26,408,100.38,4,1,3,0
P263,Rare Earth Metals,Europe,Rare Earth Metals_Europe,10,63,196.19,4,2,3,0
P264,Catalysts,Europe,Catalysts_Europe,69,131,235.29,5,1,3,0
P265,Specialty Gases,Asia,Specialty Gases_Asia,54,125,239.08,5,3,4,0
P266,Rare Earth Metals,Europe,Rare Earth Metals_Europe,53,232,165.64,4,3,3,0
P267,Customized Valves,Europe,Customized Valves_Europe,21,210,159.89,5,3,3,0
P268,Specialty Gases,Asia,Specialty Gases_Asia,16,408,249.44,3,1,3,0
P269,Specialty Gases,Europe,Specialty Gases_Europe,57,399,240.05,3,2,4,0
P270,Rare Earth Metals,Europe,Rare Earth Metals_Europe,27,459,270.55,3,1,3,0
P271,Specialty Gases,Asia,Specialty Gases_Asia,7,139,241.2,5,2,4,0
P272,Catalysts,Europe,Catalysts_Europe,30,231,253.1,3,3,4,0
P273,Rare Earth Metals,Europe,Rare Earth Metals_Europe,61,413,113.79,5,2,4,0
P274,Catalysts,Asia,Catalysts_Asia,50,449,294.97,4,2,4,0
P275,Rare Earth Metals,Asia,Rare Earth Metals_Asia,39,133,106.72,3,2,4,0
P276,Customized Valves,Europe,Customized Valves_Europe,27,209,279.97,5,3,4,0
P277,Specialty Gases,Asia,Specialty Gases_Asia,9,191,257.54,5,1,3,0
P278,Customized Valves,Europe,Customized Valves_Europe,47,452,213.07,4,1,3,0
P279,Rare Earth Metals,Asia,Rare Earth Metals_Asia,34,376,145.06,4,1,4,0
P280,Specialty Gases,Europe,Specialty Gases_Europe,71,226,258.34,4,1,3,0
P281,Specialty Gases,Europe,Specialty Gases_Europe,45,161,289.14,5,1,3,0
P282,Specialty Gases,Asia,Specialty Gases_Asia,55,343,257.39,5,3,4,0
P283,Catalysts,Europe,Catalysts_Europe,85,203,274.43,5,2,3,0
P284,Specialty Gases,Europe,Specialty Gases_Europe,69,430,151.1,5,1,3,0
P285,Specialty Gases,Asia,Specialty Gases_Asia,58,93,192.79,4,3,3,0
P286,Customized Valves,Europe,Customized Valves_Europe,42,452,176.08,4,1,3,0
P287,Rare Earth Metals,Europe,Rare Earth Metals_Europe,66,96,259.58,4,2,3,0
P288,Catalysts,Asia,Catalysts_Asia,46,385,133.21,5,3,3,0
P289,Specialty Gases,Europe,Specialty Gases_Europe,10,57,140.4,5,1,3,0
P290,Specialty Gases,Europe,Specialty Gases_Europe,69,81,116.69,5,1,3,0
P291,Rare Earth Metals,Europe,Rare Earth Metals_Europe,65,318,233.58,4,2,4,0
P292,Customized Valves,Europe,Customized Valves_Europe,11,180,237.37,5,1,3,0
P293,Customized Valves,Asia,Customized Valves_Asia,72,421,271.64,3,3,4,0
P294,Customized Valves,Europe,Customized Valves_Europe,27,265,162.81,5,2,4,0
P295,Catalysts,Asia,Catalysts_Asia,64,212,120.13,5,2,4,0
P296,Customized Valves,Asia,Customized Valves_Asia,41,199,224.19,4,2,3,0
P297,Rare Earth Metals,Europe,Rare Earth Metals_Europe,76,115,235.24,5,2,3,0
P298,Rare Earth Metals,Asia,Rare Earth Metals_Asia,53,296,298.35,5,1,3,0
P299,Specialty Gases,Europe,Specialty Gases_Europe,45,362,113.7,4,1,3,0
P300,Rare Earth Metals,Asia,Rare Earth Metals_Asia,65,259,233,5,3,3,0
P301,Customized Valves,Europe,Customized Valves_Europe,36,191,175.9,5,3,4,0
P302,Customized Valves,Europe,Customized Valves_Europe,28,330,184.51,5,2,4,0
P303,Catalysts,Europe,Catalysts_Europe,84,436,294.56,3,2,4,0
P304,Customized Valves,Europe,Customized Valves_Europe,59,170,225.65,4,1,4,0
P305,Rare Earth Metals,Europe,Rare Earth Metals_Europe,81,314,152.66,4,2,4,0
P306,Rare Earth Metals,Europe,Rare Earth Metals_Europe,47,271,159.98,4,1,3,0
P307,Catalysts,Europe,Catalysts_Europe,70,111,115.79,5,2,3,0
P308,Specialty Gases,Asia,Specialty Gases_Asia,79,374,204.29,4,1,4,0
P309,Rare Earth Metals,Asia,Rare Earth Metals_Asia,46,265,273.71,5,3,4,0
P310,Catalysts,Europe,Catalysts_Europe,27,64,192.89,4,2,3,0
P311,Customized Valves,Europe,Customized Valves_Europe,73,228,257.76,5,1,4,0
P312,Specialty Gases,Europe,Specialty Gases_Europe,12,396,154.31,5,2,3,0
P313,Specialty Gases,Europe,Specialty Gases_Europe,71,317,172.37,5,2,4,0
P314,Rare Earth Metals,Asia,Rare Earth Metals_Asia,67,473,196.41,3,1,4,0
P315,Specialty Gases,Asia,Specialty Gases_Asia,55,185,109.9,4,3,3,0
P316,Catalysts,Asia,Catalysts_Asia,23,431,158.7,4,1,3,0
P317,Catalysts,Europe,Catalysts_Europe,25,232,275.97,5,1,3,0
P318,Customized Valves,Europe,Customized Valves_Europe,18,50,154.95,3,1,4,0
P319,Rare Earth Metals,Europe,Rare Earth Metals_Europe,52,152,264.76,4,2,4,0
P320,Customized Valves,Europe,Customized Valves_Europe,39,226,265.92,5,1,3,0
P321,Customized Valves,Asia,Customized Valves_Asia,21,288,118.46,4,2,4,0
P322,Rare Earth Metals,Asia,Rare Earth Metals_Asia,20,154,233.71,3,2,4,0
P323,Specialty Gases,Europe,Specialty Gases_Europe,8,88,123.15,5,1,4,0
P324,Rare Earth Metals,Europe,Rare Earth Metals_Europe,71,345,206.79,5,2,4,0
P325,Customized Valves,Asia,Customized Valves_Asia,30,262,108.75,3,2,4,0
P326,Rare Earth Metals,Asia,Rare Earth Metals_Asia,59,156,177.48,5,1,4,0
P327,Specialty Gases,Europe,Specialty Gases_Europe,69,403,189.28,5,1,4,0
P328,Customized Valves,Asia,Customized Valves_Asia,62,362,216.44,5,1,4,0
P329,Catalysts,Europe,Catalysts_Europe,80,105,128.52,5,1,3,0
P330,Catalysts,Europe,Catalysts_Europe,54,175,101.34,4,2,3,0
P331,Catalysts,Europe,Catalysts_Europe,65,80,211.94,4,2,4,0
P332,Customized Valves,Europe,Customized Valves_Europe,57,204,176.84,5,1,4,0
P333,Specialty Gases,Europe,Specialty Gases_Europe,48,294,129.41,4,1,4,0
P334,Catalysts,Asia,Catalysts_Asia,65,245,277.68,3,1,4,0
P335,Customized Valves,Asia,Customized Valves_Asia,55,273,106.19,4,1,4,0
P336,Rare Earth Metals,Europe,Rare Earth Metals_Europe,57,428,252.38,5,1,3,0
P337,Specialty Gases,Europe,Specialty Gases_Europe,69,70,168.49,5,1,4,0
P338,Catalysts,Asia,Catalysts_Asia,88,403,130.1,3,2,3,0
P339,Catalysts,Europe,Catalysts_Europe,42,324,258.5,4,1,3,0
P340,Specialty Gases,Asia,Specialty Gases_Asia,27,166,292.81,5,1,4,0
P341,Specialty Gases,Europe,Specialty Gases_Europe,25,233,124.96,4,1,4,0
P342,Specialty Gases,Europe,Specialty Gases_Europe,39,401,196.68,5,3,4,0
P343,Specialty Gases,Europe,Specialty Gases_Europe,59,252,177.31,4,2,4,0
P344,Specialty Gases,Asia,Specialty Gases_Asia,54,224,188.69,3,3,3,0
P345,Customized Valves,Europe,Customized Valves_Europe,44,386,270.79,5,3,3,0
P346,Customized Valves,Europe,Customized Valves_Europe,49,238,202.09,4,1,3,0
P347,Customized Valves,Europe,Customized Valves_Europe,62,175,126.89,4,3,3,0
P348,Specialty Gases,Asia,Specialty Gases_Asia,13,68,101.77,5,2,4,0
P349,Customized Valves,Europe,Customized Valves_Europe,7,50,266.83,3,1,3,0
P350,Catalysts,Europe,Catalysts_Europe,81,72,120.88,4,3,3,0
P351,Customized Valves,Asia,Customized Valves_Asia,22,222,226.42,5,2,4,0
P352,Specialty Gases,Europe,Specialty Gases_Europe,19,283,200.12,5,1,4,0
P353,Catalysts,Europe,Catalysts_Europe,33,344,146.48,4,2,3,0
P354,Specialty Gases,Asia,Specialty Gases_Asia,25,370,195.29,3,1,3,0
P355,Rare Earth Metals,Europe,Rare Earth Metals_Europe,16,80,251.92,4,1,3,0
P356,Catalysts,Europe,Catalysts_Europe,30,209,114.36,5,1,4,0
P357,Customized Valves,Europe,Customized Valves_Europe,84,254,204.03,5,3,3,0
P358,Specialty Gases,Asia,Specialty Gases_Asia,32,124,225.91,4,3,3,0
P359,Specialty Gases,Asia,Specialty Gases_Asia,50,392,241.4,5,1,4,0
P360,Rare Earth Metals,Asia,Rare Earth Metals_Asia,50,170,286.18,5,1,3,0
P361,Catalysts,Europe,Catalysts_Europe,23,190,278.37,5,1,3,0
P362,Specialty Gases,Asia,Specialty Gases_Asia,29,365,212.93,4,3,3,0
P363,Rare Earth Metals,Asia,Rare Earth Metals_Asia,79,466,233.28,5,1,4,0
P364,Rare Earth Metals,Europe,Rare Earth Metals_Europe,53,342,226.87,5,1,4,0
P365,Catalysts,Asia,Catalysts_Asia,19,285,173.74,4,2,3,0
P366,Catalysts,Europe,Catalysts_Europe,51,378,142.4,4,1,4,0
P367,Rare Earth Metals,Europe,Rare Earth Metals_Europe,34,312,127.32,5,1,4,0
P368,Catalysts,Asia,Catalysts_Asia,60,70,215.84,4,1,4,0
P369,Specialty Gases,Europe,Specialty Gases_Europe,87,123,119.97,4,2,4,0
P370,Catalysts,Europe,Catalysts_Europe,49,436,106.28,5,1,3,0
P371,Rare Earth Metals,Europe,Rare Earth Metals_Europe,64,279,203.81,5,1,3,0
P372,Catalysts,Europe,Catalysts_Europe,13,236,103.39,3,2,3,0
P373,Catalysts,Asia,Catalysts_Asia,83,104,168.36,5,2,4,0
P374,Customized Valves,Asia,Customized Valves_Asia,65,209,235.12,4,1,3,0
P375,Catalysts,Asia,Catalysts_Asia,50,206,242.03,5,2,4,0
P376,Specialty Gases,Europe,Specialty Gases_Europe,21,168,298.04,5,3,3,0
P377,Catalysts,Europe,Catalysts_Europe,31,108,173.14,4,2,4,0
P378,Specialty Gases,Asia,Specialty Gases_Asia,71,230,155.25,5,2,4,0
P379,Rare Earth Metals,Asia,Rare Earth Metals_Asia,32,487,167.47,3,2,4,0
P380,Rare Earth Metals,Asia,Rare Earth Metals_Asia,33,410,199.46,5,1,3,0
P381,Specialty Gases,Europe,Specialty Gases_Europe,68,326,200.12,4,2,4,0
P382,Specialty Gases,Europe,Specialty Gases_Europe,39,272,136.06,4,1,4,0
P383,Rare Earth Metals,Europe,Rare Earth Metals_Europe,54,60,258.63,4,2,3,0
P384,Catalysts,Europe,Catalysts_Europe,61,381,296.23,5,2,3,0
P385,Specialty Gases,Asia,Specialty Gases_Asia,23,309,296.24,4,2,4,0
P386,Customized Valves,Europe,Customized Valves_Europe,71,467,290.58,4,2,3,0
P387,Customized Valves,Europe,Customized Valves_Europe,80,137,132.54,3,1,4,0
P388,Catalysts,Europe,Catalysts_Europe,61,475,285.24,4,2,3,0
P389,Catalysts,Europe,Catalysts_Europe,16,204,150.76,4,1,3,0
P390,Catalysts,Europe,Catalysts_Europe,77,204,179.57,3,1,4,0
P391,Rare Earth Metals,Asia,Rare Earth Metals_Asia,84,143,118.14,5,2,3,0
P392,Rare Earth Metals,Asia,Rare Earth Metals_Asia,64,230,150.2,5,1,3,0
P393,Specialty Gases,Asia,Specialty Gases_Asia,71,315,120.36,3,2,3,0
P394,Rare Earth Metals,Europe,Rare Earth Metals_Europe,27,474,235.91,5,3,3,0
P395,Customized Valves,Asia,Customized Valves_Asia,46,158,267.93,5,2,4,0
P396,Rare Earth Metals,Europe,Rare Earth Metals_Europe,14,411,256.07,3,1,4,0
P397,Rare Earth Metals,Asia,Rare Earth Metals_Asia,43,95,218.76,5,2,4,0
P398,Rare Earth Metals,Europe,Rare Earth Metals_Europe,10,89,262.18,3,1,3,0
P399,Customized Valves,Asia,Customized Valves_Asia,59,230,192.66,4,2,4,0
P400,Specialty Gases,Asia,Specialty Gases_Asia,44,237,218.09,4,2,4,0
P401,Rare Earth Metals,Europe,Rare Earth Metals_Europe,42,228,146.08,4,3,4,0
P402,Customized Valves,Asia,Customized Valves_Asia,57,363,251.81,3,2,4,0
P403,Specialty Gases,Europe,Specialty Gases_Europe,60,96,167.39,4,1,4,0
P404,Rare Earth Metals,Asia,Rare Earth Metals_Asia,15,336,176.14,5,2,4,0
P405,Rare Earth Metals,Asia,Rare Earth Metals_Asia,27,322,108.48,3,3,4,0
P406,Rare Earth Metals,Asia,Rare Earth Metals_Asia,21,266,202.77,5,1,3,0
P407,Catalysts,Europe,Catalysts_Europe,40,456,260.7,3,1,4,0
P408,Customized Valves,Asia,Customized Valves_Asia,69,119,128.43,5,1,4,0
P409,Rare Earth Metals,Asia,Rare Earth Metals_Asia,38,232,212.41,5,3,4,0
P410,Catalysts,Europe,Catalysts_Europe,39,388,176.87,5,2,3,0
P411,Specialty Gases,Europe,Specialty Gases_Europe,55,265,119.5,4,1,3,0
P412,Catalysts,Asia,Catalysts_Asia,25,332,200.96,4,2,4,0
P413,Catalysts,Europe,Catalysts_Europe,28,138,275.87,5,1,4,0
P414,Customized Valves,Europe,Customized Valves_Europe,57,255,114.18,5,2,4,0
P415,Specialty Gases,Asia,Specialty Gases_Asia,18,162,132.56,4,3,4,0
P416,Rare Earth Metals,Europe,Rare Earth Metals_Europe,68,461,186.11,5,1,4,0
P417,Specialty Gases,Asia,Specialty Gases_Asia,19,246,237.09,5,1,3,0
P418,Catalysts,Europe,Catalysts_Europe,30,63,226.46,4,1,3,0
P419,Specialty Gases,Europe,Specialty Gases_Europe,12,441,282.95,3,2,4,0
P420,Specialty Gases,Asia,Specialty Gases_Asia,82,131,180.72,5,1,4,0
P421,Customized Valves,Europe,Customized Valves_Europe,28,394,141.07,4,1,3,0
P422,Specialty Gases,Asia,Specialty Gases_Asia,26,206,115.4,3,1,3,0
P423,Catalysts,Europe,Catalysts_Europe,85,371,118.42,5,2,4,0
P424,Customized Valves,Europe,Customized Valves_Europe,35,97,241.33,5,1,4,0
P425,Catalysts,Europe,Catalysts_Europe,28,315,121.18,5,1,3,0
P426,Catalysts,Europe,Catalysts_Europe,15,333,236.02,5,1,3,0
P427,Catalysts,Europe,Catalysts_Europe,23,122,144.1,4,1,3,0
P428,Specialty Gases,Asia,Specialty Gases_Asia,21,468,186.72,4,2,4,0
P429,Catalysts,Asia,Catalysts_Asia,47,459,244.69,5,1,3,0
P430,Specialty Gases,Asia,Specialty Gases_Asia,75,88,140.8,5,3,3,0
P431,Customized Valves,Europe,Customized Valves_Europe,22,110,112.51,4,3,4,0
P432,Specialty Gases,Europe,Specialty Gases_Europe,83,387,166.61,5,3,4,0
P433,Catalysts,Europe,Catalysts_Europe,87,370,223.36,5,1,3,0
P434,Rare Earth Metals,Asia,Rare Earth Metals_Asia,15,344,259.94,4,1,3,0
P435,Specialty Gases,Europe,Specialty Gases_Europe,46,494,190.87,5,1,4,0
P436,Catalysts,Asia,Catalysts_Asia,64,384,128.88,5,3,4,0
P437,Rare Earth Metals,Europe,Rare Earth Metals_Europe,61,184,218.05,5,1,3,0
P438,Customized Valves,Europe,Customized Valves_Europe,80,434,231.03,4,1,4,0
P439,Catalysts,Asia,Catalysts_Asia,74,158,276.34,3,1,3,0
P440,Catalysts,Asia,Catalysts_Asia,61,72,203,5,1,3,0
P441,Specialty Gases,Europe,Specialty Gases_Europe,86,85,290.56,5,2,4,0
P442,Rare Earth Metals,Asia,Rare Earth Metals_Asia,11,55,280.71,4,1,3,0
P443,Specialty Gases,Asia,Specialty Gases_Asia,43,463,168.96,3,2,3,0
P444,Customized Valves,Asia,Customized Valves_Asia,12,161,238.79,3,2,3,0
P445,Catalysts,Asia,Catalysts_Asia,84,338,132.27,5,3,4,0
P446,Specialty Gases,Europe,Specialty Gases_Europe,45,469,121.07,5,1,4,0
P447,Customized Valves,Europe,Customized Valves_Europe,15,167,153.52,5,1,3,0
P448,Customized Valves,Europe,Customized Valves_Europe,56,244,274.29,3,1,4,0
P449,Specialty Gases,Asia,Specialty Gases_Asia,70,467,274.11,3,1,3,0
P450,Rare Earth Metals,Asia,Rare Earth Metals_Asia,73,331,128.57,4,1,3,0
P451,Customized Valves,Asia,Customized Valves_Asia,9,242,290.29,4,2,3,0
P452,Customized Valves,Europe,Customized Valves_Europe,86,331,144.38,3,1,4,0
P453,Rare Earth Metals,Asia,Rare Earth Metals_Asia,47,282,166.73,5,2,3,0
P454,Rare Earth Metals,Europe,Rare Earth Metals_Europe,14,479,102.67,5,1,4,0
P455,Specialty Gases,Europe,Specialty Gases_Europe,51,409,136.34,4,1,4,0
P456,Specialty Gases,Asia,Specialty Gases_Asia,73,384,260.76,5,1,4,0
P457,Customized Valves,Europe,Customized Valves_Europe,36,89,245.85,5,3,3,0
P458,Customized Valves,Europe,Customized Valves_Europe,54,442,268.47,4,3,4,0
P459,Rare Earth Metals,Europe,Rare Earth Metals_Europe,87,363,185.21,5,2,3,0
P460,Customized Valves,Asia,Customized Valves_Asia,35,78,224.09,5,1,3,0
P461,Specialty Gases,Europe,Specialty Gases_Europe,68,436,251.74,4,1,3,0
P462,Specialty Gases,Europe,Specialty Gases_Europe,46,316,182.99,5,1,4,0
P463,Rare Earth Metals,Asia,Rare Earth Metals_Asia,8,253,184.97,3,2,4,0
P464,Specialty Gases,Europe,Specialty Gases_Europe,73,195,264.37,5,1,4,0
P465,Specialty Gases,Europe,Specialty Gases_Europe,33,222,145.01,4,1,4,0
P466,Catalysts,Europe,Catalysts_Europe,76,486,112.63,5,3,3,0
P467,Catalysts,Asia,Catalysts_Asia,28,253,239.79,4,3,3,0
P468,Specialty Gases,Europe,Specialty Gases_Europe,62,128,277.69,4,1,3,0
P469,Specialty Gases,Europe,Specialty Gases_Europe,14,462,165.06,4,2,3,0
P470,Customized Valves,Europe,Customized Valves_Europe,37,87,241.37,5,1,4,0
P471,Customized Valves,Asia,Customized Valves_Asia,41,414,271.6,4,1,3,0
P472,Catalysts,Europe,Catalysts_Europe,44,487,269.84,3,2,3,0
P473,Customized Valves,Europe,Customized Valves_Europe,9,405,224.75,5,2,4,0
P474,Catalysts,Asia,Catalysts_Asia,49,388,180.47,5,2,3,0
P475,Specialty Gases,Europe,Specialty Gases_Europe,61,325,177.85,5,1,4,0
P476,Catalysts,Europe,Catalysts_Europe,48,100,142.33,4,1,3,0
P477,Catalysts,Asia,Catalysts_Asia,88,337,200.8,5,1,3,0
P478,Catalysts,Asia,Catalysts_Asia,60,182,133.47,3,1,3,0
P479,Specialty Gases,Europe,Specialty Gases_Europe,53,376,249.56,5,1,4,0
P480,Rare Earth Metals,Asia,Rare Earth Metals_Asia,85,453,133.95,5,3,4,0
P481,Catalysts,Europe,Catalysts_Europe,83,215,237.14,5,1,3,0
P482,Specialty Gases,Europe,Specialty Gases_Europe,26,341,155.4,5,1,4,0
P483,Catalysts,Asia,Catalysts_Asia,13,258,146.16,4,2,4,0
P484,Catalysts,Europe,Catalysts_Europe,41,481,277.22,5,1,3,0
P485,Customized Valves,Europe,Customized Valves_Europe,26,288,279.47,5,2,3,0
P486,Catalysts,Europe,Catalysts_Europe,17,482,295.07,3,2,3,0
P487,Specialty Gases,Europe,Specialty Gases_Europe,9,339,142.16,5,2,3,0
P488,Rare Earth Metals,Europe,Rare Earth Metals_Europe,70,345,293.55,5,1,4,0
P489,Catalysts,Europe,Catalysts_Europe,42,187,104.1,3,1,3,0
P490,Rare Earth Metals,Europe,Rare Earth Metals_Europe,28,387,279.65,5,3,4,0
P491,Specialty Gases,Europe,Specialty Gases_Europe,46,351,241.34,4,1,4,0
P492,Catalysts,Asia,Catalysts_Asia,63,161,224.8,4,3,4,0
P493,Customized Valves,Europe,Customized Valves_Europe,82,314,183.72,5,2,4,0
P494,Catalysts,Asia,Catalysts_Asia,88,368,139.85,3,1,3,0
P495,Rare Earth Metals,Asia,Rare Earth Metals_Asia,54,477,198.51,4,2,4,0
P496,Specialty Gases,Europe,Specialty Gases_Europe,87,236,239.71,4,1,3,0
P497,Rare Earth Metals,Europe,Rare Earth Metals_Europe,83,237,213.55,5,1,4,0
P498,Catalysts,Asia,Catalysts_Asia,86,169,126.33,5,1,4,0
P499,Specialty Gases,Europe,Specialty Gases_Europe,16,296,215.32,5,2,4,0
P500,Customized Valves,Asia,Customized Valves_Asia,47,364,167.5,5,1,3,0
P501,Standard Bolts,North America,Standard Bolts_North America,48,4558,137.41,1,5,1,0
P502,PVC Pipes,North America,PVC Pipes_North America,23,1336,87.65,2,4,2,0
P503,Packaging Material,Asia,Packaging Material_Asia,65,5204,142.07,2,5,1,0
P504,Steel Beams,Europe,Steel Beams_Europe,23,6592,96.63,1,4,1,0
P505,PVC Pipes,North America,PVC Pipes_North America,27,2756,126.94,2,3,2,0
P506,Packaging Material,Europe,Packaging Material_Europe,58,7771,101.06,2,3,1,0
P507,PVC Pipes,Asia,PVC Pipes_Asia,86,2717,93.82,2,4,1,0
P508,Steel Beams,Asia,Steel Beams_Asia,48,4308,96.57,2,3,2,0
P509,PVC Pipes,North America,PVC Pipes_North America,46,7416,106.85,1,3,1,0
P510,Standard Bolts,Europe,Standard Bolts_Europe,17,9100,86.59,1,4,1,0
P511,Packaging Material,North America,Packaging Material_North America,62,2874,146.15,1,5,1,0
P512,PVC Pipes,Europe,PVC Pipes_Europe,42,8538,111.96,1,5,2,0
P513,PVC Pipes,Europe,PVC Pipes_Europe,62,4176,117.81,2,5,2,0
P514,Standard Bolts,Europe,Standard Bolts_Europe,15,3863,58.9,2,5,2,0
P515,Standard Bolts,North America,Standard Bolts_North America,73,7615,109.52,3,5,1,0
P516,PVC Pipes,Europe,PVC Pipes_Europe,30,2096,56.01,3,5,2,0
P517,Steel Beams,North America,Steel Beams_North America,40,1270,144.15,1,5,1,0
P518,Standard Bolts,North America,Standard Bolts_North America,72,8299,139.56,1,4,1,0
P519,PVC Pipes,Europe,PVC Pipes_Europe,44,6552,110.38,1,4,2,0
P520,Steel Beams,North America,Steel Beams_North America,11,6043,79.99,1,5,1,0
P521,PVC Pipes,North America,PVC Pipes_North America,29,9662,84.4,2,4,2,0
P522,Packaging Material,Asia,Packaging Material_Asia,70,5440,89.95,2,4,2,0
P523,Steel Beams,North America,Steel Beams_North America,8,5538,57.57,1,5,1,0
P524,Steel Beams,Asia,Steel Beams_Asia,78,6898,111.69,2,4,2,0
P525,Standard Bolts,Asia,Standard Bolts_Asia,62,9923,74.62,3,4,2,0
P526,Standard Bolts,Europe,Standard Bolts_Europe,7,8000,61.57,1,5,2,0
P527,Steel Beams,Europe,Steel Beams_Europe,86,2449,118.88,1,5,1,0
P528,Packaging Material,Europe,Packaging Material_Europe,41,9848,55.18,1,4,2,0
P529,PVC Pipes,Asia,PVC Pipes_Asia,66,4580,63.96,1,5,1,0
P530,PVC Pipes,Asia,PVC Pipes_Asia,26,1406,57.66,1,5,1,0
P531,PVC Pipes,Europe,PVC Pipes_Europe,13,7289,115.64,2,3,2,0
P532,Packaging Material,Asia,Packaging Material_Asia,25,5670,101.23,1,5,1,0
P533,Packaging Material,North America,Packaging Material_North America,56,2895,90.32,3,5,2,0
P534,Steel Beams,Europe,Steel Beams_Europe,10,2956,125,2,5,2,0
P535,Steel Beams,Asia,Steel Beams_Asia,79,6313,101.83,3,5,1,0
P536,Standard Bolts,Europe,Standard Bolts_Europe,86,4575,138.62,1,4,2,0
P537,Standard Bolts,Europe,Standard Bolts_Europe,51,6316,81.48,3,5,1,0
P538,Standard Bolts,North America,Standard Bolts_North America,38,2657,104.03,2,5,1,0
P539,PVC Pipes,Europe,PVC Pipes_Europe,73,1607,98.4,3,5,1,0
P540,PVC Pipes,Asia,PVC Pipes_Asia,76,6054,147.84,1,4,2,0
P541,Standard Bolts,Europe,Standard Bolts_Europe,66,3806,90.02,3,3,1,0
P542,Packaging Material,Asia,Packaging Material_Asia,36,2814,118.8,1,5,2,0
P543,Steel Beams,Europe,Steel Beams_Europe,64,3415,67.09,2,4,1,0
P544,PVC Pipes,Asia,PVC Pipes_Asia,27,9307,51.66,2,5,2,0
P545,PVC Pipes,North America,PVC Pipes_North America,60,3941,63.55,1,4,2,0
P546,Standard Bolts,Europe,Standard Bolts_Europe,53,2553,107.39,1,4,1,0
P547,Standard Bolts,Asia,Standard Bolts_Asia,78,6877,108.84,3,5,2,0
P548,Standard Bolts,North America,Standard Bolts_North America,23,5670,101.32,1,5,2,0
P549,Standard Bolts,Europe,Standard Bolts_Europe,82,9711,72.61,1,5,1,0
P550,Steel Beams,North America,Steel Beams_North America,73,1969,71.11,1,3,1,0
P551,Standard Bolts,North America,Standard Bolts_North America,35,8954,102.99,3,5,1,0
P552,Packaging Material,Europe,Packaging Material_Europe,36,4969,84.66,1,5,2,0
P553,Steel Beams,Asia,Steel Beams_Asia,25,2909,130.29,1,5,1,0
P554,PVC Pipes,Europe,PVC Pipes_Europe,26,9339,117.24,2,4,1,0
P555,Standard Bolts,North America,Standard Bolts_North America,13,2859,86.05,2,3,1,0
P556,Packaging Material,North America,Packaging Material_North America,16,6308,129.38,1,5,1,0
P557,PVC Pipes,Asia,PVC Pipes_Asia,7,6983,116.54,1,5,2,0
P558,Standard Bolts,North America,Standard Bolts_North America,53,9497,127.95,2,3,2,0
P559,Packaging Material,Asia,Packaging Material_Asia,73,7553,129.15,2,4,1,0
P560,Packaging Material,Europe,Packaging Material_Europe,44,3229,138.96,1,5,2,0
P561,Packaging Material,North America,Packaging Material_North America,48,9635,72.63,1,5,2,0
P562,Standard Bolts,Asia,Standard Bolts_Asia,86,8701,63.1,2,4,1,0
P563,PVC Pipes,Europe,PVC Pipes_Europe,54,7155,109.41,1,5,2,0
P564,Packaging Material,Europe,Packaging Material_Europe,18,2409,127.75,1,5,1,0
P565,Steel Beams,Europe,Steel Beams_Europe,20,1279,106.39,1,5,1,0
P566,PVC Pipes,Europe,PVC Pipes_Europe,86,7135,90.66,2,5,2,0
P567,Steel Beams,North America,Steel Beams_North America,75,8697,129.22,3,5,2,0
P568,Packaging Material,North America,Packaging Material_North America,20,3014,62.78,1,5,2,0
P569,Steel Beams,Asia,Steel Beams_Asia,33,6675,63.46,1,4,1,0
P570,Packaging Material,North America,Packaging Material_North America,23,3253,78.83,2,5,1,0
P571,Packaging Material,Asia,Packaging Material_Asia,79,5054,51.29,2,4,2,0
P572,Steel Beams,Asia,Steel Beams_Asia,7,4861,104.89,1,5,2,0
P573,Packaging Material,North America,Packaging Material_North America,22,5078,58.1,2,4,2,0
P574,Standard Bolts,North America,Standard Bolts_North America,35,4966,96.38,1,5,2,0
P575,Packaging Material,Asia,Packaging Material_Asia,82,3994,81.52,1,5,1,0
P576,Packaging Material,Asia,Packaging Material_Asia,19,1242,125.35,1,5,2,0
P577,Steel Beams,Asia,Steel Beams_Asia,32,3158,78.45,3,4,1,0
P578,Standard Bolts,Asia,Standard Bolts_Asia,84,5306,104.14,2,5,2,0
P579,Standard Bolts,Europe,Standard Bolts_Europe,48,3657,132.01,2,5,1,0
P580,Packaging Material,Asia,Packaging Material_Asia,67,2466,130.99,2,5,2,0
P581,Packaging Material,Europe,Packaging Material_Europe,19,9106,120.17,1,4,1,0
P582,Steel Beams,Europe,Steel Beams_Europe,51,6599,80.3,2,5,1,0
P583,Standard Bolts,North America,Standard Bolts_North America,42,9504,107.97,3,4,2,0
P584,PVC Pipes,Europe,PVC Pipes_Europe,85,1272,115.81,1,3,1,0
P585,PVC Pipes,Europe,PVC Pipes_Europe,70,1506,91.48,2,4,1,0
P586,Standard Bolts,Asia,Standard Bolts_Asia,58,2192,123.05,1,5,2,0
P587,Steel Beams,Europe,Steel Beams_Europe,77,2539,89.17,1,4,1,0
P588,PVC Pipes,Asia,PVC Pipes_Asia,38,1919,59.86,3,5,1,0
P589,PVC Pipes,Asia,PVC Pipes_Asia,10,2436,67.21,2,5,2,0
P590,Steel Beams,Europe,Steel Beams_Europe,81,9111,143.96,1,4,1,0
P591,PVC Pipes,North America,PVC Pipes_North America,12,1692,132.87,3,5,1,0
P592,PVC Pipes,Europe,PVC Pipes_Europe,48,9210,130.17,1,5,1,0
P593,Steel Beams,Europe,Steel Beams_Europe,35,1861,128.59,1,5,1,0
P594,Steel Beams,Europe,Steel Beams_Europe,13,6811,85.15,1,5,1,0
P595,Standard Bolts,North America,Standard Bolts_North America,28,5675,125.21,2,4,1,0
P596,PVC Pipes,Asia,PVC Pipes_Asia,20,4096,113.15,3,5,1,0
P597,Standard Bolts,North America,Standard Bolts_North America,48,9456,72.05,3,4,2,0
P598,Steel Beams,Asia,Steel Beams_Asia,16,4854,72.68,3,5,1,0
P599,Packaging Material,North America,Packaging Material_North America,14,6515,109.8,2,5,1,0
P600,Packaging Material,North America,Packaging Material_North America,73,7019,64.53,2,4,1,0
P601,Packaging Material,Europe,Packaging Material_Europe,28,2016,75.81,1,4,1,0
P602,Packaging Material,North America,Packaging Material_North America,18,3313,95.12,1,4,1,0
P603,Steel Beams,Asia,Steel Beams_Asia,75,4917,62.33,2,5,1,0
P604,Standard Bolts,Asia,Standard Bolts_Asia,62,2819,142.81,1,5,2,0
P605,Standard Bolts,Asia,Standard Bolts_Asia,86,8235,91.37,2,4,2,0
P606,Packaging Material,Europe,Packaging Material_Europe,88,4340,89.31,2,5,1,0
P607,PVC Pipes,North America,PVC Pipes_North America,61,5270,61.24,2,5,1,0
P608,Standard Bolts,North America,Standard Bolts_North America,57,7681,82.49,1,3,2,0
P609,Standard Bolts,Asia,Standard Bolts_Asia,25,8669,68.09,2,4,1,0
P610,Packaging Material,Europe,Packaging Material_Europe,46,6296,136.64,2,5,1,0
P611,Packaging Material,Asia,Packaging Material_Asia,78,7453,111.86,1,4,2,0
P612,Packaging Material,North America,Packaging Material_North America,29,3841,107.18,1,4,2,0
P613,Standard Bolts,Asia,Standard Bolts_Asia,85,6014,98.38,2,5,2,0
P614,Steel Beams,Asia,Steel Beams_Asia,48,2882,69.88,2,5,1,0
P615,Standard Bolts,North America,Standard Bolts_North America,27,3693,106.39,1,5,1,0
P616,PVC Pipes,North America,PVC Pipes_North America,64,7772,63.05,2,4,2,0
P617,PVC Pipes,Asia,PVC Pipes_Asia,46,8164,140.8,1,5,2,0
P618,Standard Bolts,North America,Standard Bolts_North America,68,6650,97.16,1,5,2,0
P619,Steel Beams,North America,Steel Beams_North America,25,5603,52.26,2,3,2,0
P620,Standard Bolts,Asia,Standard Bolts_Asia,86,6618,124.99,1,4,1,0
P621,Packaging Material,North America,Packaging Material_North America,54,9536,88.47,2,4,1,0
P622,Standard Bolts,North America,Standard Bolts_North America,21,7899,67.18,1,5,2,0
P623,Packaging Material,Asia,Packaging Material_Asia,58,7297,116.89,2,4,2,0
P624,Steel Beams,Europe,Steel Beams_Europe,67,1622,106.46,1,4,2,0
P625,Standard Bolts,North America,Standard Bolts_North America,48,8533,113.85,2,5,2,0
P626,Steel Beams,North America,Steel Beams_North America,62,1548,91.63,3,5,2,0
P627,Packaging Material,Asia,Packaging Material_Asia,37,2174,147.66,1,5,1,0
P628,PVC Pipes,Europe,PVC Pipes_Europe,76,5588,55.45,3,5,2,0
P629,Standard Bolts,Asia,Standard Bolts_Asia,66,3933,92.75,2,5,2,0
P630,Standard Bolts,Asia,Standard Bolts_Asia,41,5479,142.15,1,5,2,0
P631,Standard Bolts,North America,Standard Bolts_North America,57,6731,115.77,1,5,1,0
P632,Packaging Material,North America,Packaging Material_North America,33,7738,110,1,5,2,0
P633,PVC Pipes,Europe,PVC Pipes_Europe,87,1913,64.67,1,5,1,0
P634,PVC Pipes,Asia,PVC Pipes_Asia,84,8037,101.06,2,3,2,0
P635,Standard Bolts,Asia,Standard Bolts_Asia,77,2894,82.88,2,5,2,0
P636,Steel Beams,Asia,Steel Beams_Asia,13,2335,109.78,2,4,2,0
P637,Standard Bolts,Asia,Standard Bolts_Asia,39,5267,71.77,1,3,1,0
P638,PVC Pipes,North America,PVC Pipes_North America,68,6818,107.78,2,5,1,0
P639,Standard Bolts,Asia,Standard Bolts_Asia,84,2340,117.1,2,5,1,0
P640,PVC Pipes,Asia,PVC Pipes_Asia,53,7414,146.14,2,4,2,0
P641,Steel Beams,Europe,Steel Beams_Europe,7,9543,127.55,1,4,1,0
P642,PVC Pipes,North America,PVC Pipes_North America,70,8265,85.72,3,5,2,0
P643,Steel Beams,Europe,Steel Beams_Europe,22,5435,56.31,2,4,1,0
P644,PVC Pipes,Europe,PVC Pipes_Europe,12,8440,91.9,1,5,2,0
P645,Steel Beams,North America,Steel Beams_North America,63,2551,93.53,1,4,1,0
P646,PVC Pipes,North America,PVC Pipes_North America,24,8893,141.5,1,5,2,0
P647,Standard Bolts,Europe,Standard Bolts_Europe,65,1215,93.05,2,5,2,0
P648,Packaging Material,Europe,Packaging Material_Europe,62,4510,73.45,1,5,2,0
P649,Steel Beams,Asia,Steel Beams_Asia,87,4020,130.24,1,5,1,0
P650,Standard Bolts,Asia,Standard Bolts_Asia,13,3809,117.16,3,4,2,0
P651,Packaging Material,Europe,Packaging Material_Europe,27,6187,128.25,3,4,2,0
P652,PVC Pipes,Asia,PVC Pipes_Asia,44,2867,50.7,2,5,2,0
P653,Packaging Material,Asia,Packaging Material_Asia,63,5631,74.12,1,5,2,0
P654,Standard Bolts,North America,Standard Bolts_North America,48,4605,86.33,3,3,1,0
P655,PVC Pipes,Europe,PVC Pipes_Europe,85,4830,83.93,2,3,2,0
P656,PVC Pipes,Europe,PVC Pipes_Europe,7,2910,121.79,3,5,1,0
P657,Packaging Material,North America,Packaging Material_North America,67,7464,61.87,1,5,1,0
P658,PVC Pipes,North America,PVC Pipes_North America,13,1585,101.18,3,5,2,0
P659,Packaging Material,Europe,Packaging Material_Europe,25,8329,100.37,1,5,2,0
P660,PVC Pipes,North America,PVC Pipes_North America,64,2861,81.03,2,5,2,0
P661,PVC Pipes,Asia,PVC Pipes_Asia,32,6398,72.05,2,5,1,0
P662,Steel Beams,North America,Steel Beams_North America,86,9895,67.91,1,5,1,0
P663,Standard Bolts,Asia,Standard Bolts_Asia,40,9092,97.77,3,3,2,0
P664,Steel Beams,Asia,Steel Beams_Asia,7,8481,141.76,2,3,2,0
P665,Steel Beams,Europe,Steel Beams_Europe,66,4174,113.56,2,4,2,0
P666,Steel Beams,North America,Steel Beams_North America,33,5078,146.77,2,5,2,0
P667,Packaging Material,Europe,Packaging Material_Europe,21,5593,96.9,2,4,2,0
P668,Steel Beams,North America,Steel Beams_North America,44,1992,52.53,2,4,1,0
P669,Steel Beams,North America,Steel Beams_North America,68,5704,64.72,1,4,1,0
P670,Packaging Material,Europe,Packaging Material_Europe,27,5212,142.61,2,4,2,0
P671,PVC Pipes,North America,PVC Pipes_North America,23,9044,105.4,1,4,1,0
P672,Steel Beams,Asia,Steel Beams_Asia,83,8505,61.49,3,3,1,0
P673,Standard Bolts,North America,Standard Bolts_North America,52,5626,71.66,1,4,2,0
P674,Packaging Material,North America,Packaging Material_North America,55,1786,132.94,2,5,1,0
P675,Standard Bolts,Europe,Standard Bolts_Europe,60,8011,148.58,2,3,1,0
P676,PVC Pipes,North America,PVC Pipes_North America,22,3511,52,2,4,2,0
P677,Packaging Material,North America,Packaging Material_North America,51,3713,124.94,2,3,2,0
P678,Packaging Material,Europe,Packaging Material_Europe,50,3506,146.73,1,4,2,0
P679,Steel Beams,Europe,Steel Beams_Europe,85,8067,75.22,1,4,2,0
P680,Steel Beams,Asia,Steel Beams_Asia,61,6499,133.91,1,5,2,0
P681,Packaging Material,North America,Packaging Material_North America,83,9269,135.56,2,5,2,0
P682,Packaging Material,North America,Packaging Material_North America,54,5275,60.82,3,5,1,0
P683,Standard Bolts,North America,Standard Bolts_North America,70,7500,136.96,3,5,2,0
P684,Standard Bolts,North America,Standard Bolts_North America,32,4364,120.66,2,3,1,0
P685,Steel Beams,North America,Steel Beams_North America,20,5517,133.65,3,5,2,0
P686,Standard Bolts,North America,Standard Bolts_North America,23,1363,143.02,2,5,1,0
P687,Steel Beams,Europe,Steel Beams_Europe,10,4840,131.16,1,5,2,0
P688,PVC Pipes,North America,PVC Pipes_North America,69,6200,142.26,2,5,2,0
P689,Steel Beams,North America,Steel Beams_North America,14,3567,98.98,1,4,2,0
P690,Packaging Material,North America,Packaging Material_North America,56,6645,93.62,1,4,2,0
P691,PVC Pipes,Europe,PVC Pipes_Europe,68,6413,142.26,1,5,2,0
P692,PVC Pipes,North America,PVC Pipes_North America,63,6682,112.35,2,3,2,0
P693,PVC Pipes,Europe,PVC Pipes_Europe,58,9119,97.54,2,5,2,0
P694,PVC Pipes,Europe,PVC Pipes_Europe,37,5938,107.68,3,4,1,0
P695,Packaging Material,North America,Packaging Material_North America,57,7401,144.38,1,5,2,0
P696,PVC Pipes,Europe,PVC Pipes_Europe,58,8933,115.38,1,5,2,0
P697,Steel Beams,North America,Steel Beams_North America,88,4235,147.01,1,5,1,0
P698,Steel Beams,Europe,Steel Beams_Europe,14,4381,70.15,1,3,2,0
P699,PVC Pipes,North America,PVC Pipes_North America,64,6533,111.04,2,5,2,0
P700,PVC Pipes,North America,PVC Pipes_North America,13,2131,140.62,1,5,2,0
P701,PVC Pipes,North America,PVC Pipes_North America,19,8318,84.59,3,4,2,0
P702,Steel Beams,Asia,Steel Beams_Asia,13,6288,121.92,1,5,1,0
P703,Packaging Material,Europe,Packaging Material_Europe,32,6262,79.8,1,5,2,0
P704,Steel Beams,Asia,Steel Beams_Asia,29,7639,82.62,2,3,1,0
P705,Standard Bolts,Europe,Standard Bolts_Europe,15,5711,126.91,1,5,2,0
P706,Packaging Material,Europe,Packaging Material_Europe,83,5379,113.46,1,5,2,0
P707,Standard Bolts,North America,Standard Bolts_North America,62,3637,117.66,1,5,1,0
P708,Steel Beams,North America,Steel Beams_North America,60,7520,142.94,1,5,1,0
P709,Standard Bolts,North America,Standard Bolts_North America,42,4985,145.46,3,5,2,0
P710,Steel Beams,Asia,Steel Beams_Asia,84,5753,136.95,1,5,1,0
P711,Packaging Material,North America,Packaging Material_North America,7,9625,63.33,1,4,1,0
P712,Standard Bolts,Europe,Standard Bolts_Europe,45,1250,61.82,2,5,1,0
P713,PVC Pipes,North America,PVC Pipes_North America,8,2173,116.47,2,5,2,0
P714,Steel Beams,Europe,Steel Beams_Europe,86,6287,116.13,3,4,2,0
P715,Steel Beams,Europe,Steel Beams_Europe,55,8619,136.44,2,4,2,0
P716,Packaging Material,Europe,Packaging Material_Europe,29,8211,91.72,1,5,1,0
P717,Packaging Material,Europe,Packaging Material_Europe,84,4057,90.17,1,4,1,0
P718,PVC Pipes,North America,PVC Pipes_North America,40,9210,121.54,1,5,1,0
P719,PVC Pipes,North America,PVC Pipes_North America,16,5137,148.81,1,4,1,0
P720,PVC Pipes,North America,PVC Pipes_North America,36,8572,120.56,2,5,2,0
P721,Steel Beams,North America,Steel Beams_North America,69,4129,54.71,1,5,1,0
P722,Standard Bolts,Asia,Standard Bolts_Asia,16,6111,51.05,1,5,1,0
P723,Standard Bolts,Asia,Standard Bolts_Asia,26,5025,139.39,2,5,1,0
P724,PVC Pipes,North America,PVC Pipes_North America,71,2812,145.89,1,5,2,0
P725,Steel Beams,North America,Steel Beams_North America,61,1551,107.85,1,4,1,0
P726,Packaging Material,Asia,Packaging Material_Asia,83,5052,58.7,2,5,2,0
P727,Steel Beams,Asia,Steel Beams_Asia,65,7354,50.62,1,4,2,0
P728,Packaging Material,Asia,Packaging Material_Asia,45,9449,52.4,1,3,1,0
P729,PVC Pipes,Europe,PVC Pipes_Europe,36,6670,103.82,1,4,2,0
P730,Packaging Material,North America,Packaging Material_North America,63,3243,55.91,2,5,1,0
P731,Standard Bolts,North America,Standard Bolts_North America,38,1343,87.1,1,5,1,0
P732,Packaging Material,Asia,Packaging Material_Asia,82,6819,53.24,2,3,1,0
P733,Packaging Material,Asia,Packaging Material_Asia,24,7784,72.44,1,5,2,0
P734,Packaging Material,North America,Packaging Material_North America,40,7673,107.12,2,5,1,0
P735,Standard Bolts,Europe,Standard Bolts_Europe,41,7654,63.14,3,5,1,0
P736,PVC Pipes,Europe,PVC Pipes_Europe,28,7310,84.81,2,5,2,0
P737,Standard Bolts,North America,Standard Bolts_North America,63,4382,123.65,1,5,2,0
P738,Standard Bolts,Asia,Standard Bolts_Asia,80,5273,82.07,2,5,2,0
P739,Standard Bolts,Asia,Standard Bolts_Asia,40,6315,148.33,3,5,1,0
P740,PVC Pipes,Asia,PVC Pipes_Asia,56,4250,148.65,2,5,2,0
P741,Steel Beams,Asia,Steel Beams_Asia,54,3261,71.76,1,4,2,0
P742,Steel Beams,Europe,Steel Beams_Europe,80,4209,104.48,2,3,1,0
P743,Steel Beams,Asia,Steel Beams_Asia,46,4557,86.67,2,3,2,0
P744,Packaging Material,Europe,Packaging Material_Europe,33,7763,76.68,2,3,1,0
P745,PVC Pipes,North America,PVC Pipes_North America,58,1354,81.28,1,5,1,0
P746,Packaging Material,Europe,Packaging Material_Europe,45,3486,126.62,1,5,1,0
P747,Steel Beams,North America,Steel Beams_North America,86,8435,116.23,1,4,1,0
P748,Packaging Material,Asia,Packaging Material_Asia,40,9708,97.44,1,4,2,0
P749,Standard Bolts,North America,Standard Bolts_North America,56,5934,73.29,3,3,1,0
P750,Packaging Material,Asia,Packaging Material_Asia,76,6676,63.33,2,5,1,0
P751,Cleaning Supplies,Asia,Cleaning Supplies_Asia,55,12768,40.71,1,1,1,1
P752,Uniforms,North America,Uniforms_North America,43,15372,42.27,1,1,1,1
P753,Cleaning Supplies,Asia,Cleaning Supplies_Asia,22,18902,21.86,1,2,2,1
P754,Cleaning Supplies,Asia,Cleaning Supplies_Asia,59,19849,29.54,3,1,2,1
P755,Printer Ink,North America,Printer Ink_North America,13,19170,35.04,2,2,2,1
P756,Cleaning Supplies,Asia,Cleaning Supplies_Asia,32,7500,15.34,1,2,1,1
P757,Uniforms,North America,Uniforms_North America,10,13540,39.44,2,2,2,1
P758,Cleaning Supplies,Asia,Cleaning Supplies_Asia,33,7419,21.17,1,3,1,1
P759,Office Stationery,Europe,Office Stationery_Europe,88,8117,48.98,2,2,2,1
P760,Printer Ink,North America,Printer Ink_North America,73,15910,15.13,1,2,2,1
P761,Printer Ink,North America,Printer Ink_North America,8,17779,43.06,1,1,1,1
P762,Cleaning Supplies,Asia,Cleaning Supplies_Asia,55,19345,47.14,2,1,2,1
P763,Printer Ink,North America,Printer Ink_North America,32,5969,24.4,1,1,1,1
P764,Uniforms,North America,Uniforms_North America,19,11799,36.68,2,3,1,1
P765,Uniforms,North America,Uniforms_North America,68,13001,29.76,2,1,2,1
P766,Printer Ink,North America,Printer Ink_North America,27,9551,47.51,3,2,2,1
P767,Uniforms,North America,Uniforms_North America,37,14663,42.82,1,2,2,1
P768,Cleaning Supplies,Asia,Cleaning Supplies_Asia,86,16534,31.86,1,1,2,1
P769,Uniforms,North America,Uniforms_North America,34,18653,17.37,1,1,1,1
P770,Uniforms,North America,Uniforms_North America,83,15464,42.78,3,2,1,1
P771,Cleaning Supplies,Asia,Cleaning Supplies_Asia,48,12131,20.42,1,1,2,1
P772,Printer Ink,North America,Printer Ink_North America,33,6081,21.35,1,1,2,1
P773,Office Stationery,Europe,Office Stationery_Europe,64,9760,30.51,1,1,2,1
P774,Cleaning Supplies,Asia,Cleaning Supplies_Asia,26,18393,12.83,1,1,1,1
P775,Printer Ink,North America,Printer Ink_North America,9,17224,22,1,1,1,1
P776,Cleaning Supplies,Asia,Cleaning Supplies_Asia,30,18247,18.71,1,1,2,1
P777,Printer Ink,North America,Printer Ink_North America,60,6507,49.04,3,1,2,1
P778,Printer Ink,North America,Printer Ink_North America,75,19090,37.34,3,2,1,1
P779,Printer Ink,North America,Printer Ink_North America,77,14697,10.09,1,3,1,1
P780,Printer Ink,North America,Printer Ink_North America,77,7096,20.36,2,1,2,1
P781,Uniforms,North America,Uniforms_North America,36,13867,28.12,1,3,2,1
P782,Cleaning Supplies,Asia,Cleaning Supplies_Asia,28,14807,32.98,1,2,2,1
P783,Uniforms,North America,Uniforms_North America,56,19516,17.89,1,1,2,1
P784,Uniforms,North America,Uniforms_North America,45,6044,31.49,2,3,2,1
P785,Office Stationery,Europe,Office Stationery_Europe,84,12503,28.22,1,3,2,1
P786,Office Stationery,Europe,Office Stationery_Europe,64,5237,37.67,2,2,2,1
P787,Printer Ink,North America,Printer Ink_North America,13,16560,21,1,1,1,1
P788,Cleaning Supplies,Asia,Cleaning Supplies_Asia,87,16600,22.41,1,3,2,1
P789,Office Stationery,Europe,Office Stationery_Europe,63,18216,39.5,1,2,2,1
P790,Office Stationery,Europe,Office Stationery_Europe,10,11533,38.84,2,1,2,1
P791,Cleaning Supplies,Asia,Cleaning Supplies_Asia,68,16494,13.82,3,2,2,1
P792,Cleaning Supplies,Asia,Cleaning Supplies_Asia,63,19033,10.68,2,1,2,1
P793,Cleaning Supplies,Asia,Cleaning Supplies_Asia,75,8936,26.55,1,1,2,1
P794,Printer Ink,North America,Printer Ink_North America,9,12456,12.47,1,1,2,1
P795,Cleaning Supplies,Asia,Cleaning Supplies_Asia,57,11041,13.54,1,1,2,1
P796,Office Stationery,Europe,Office Stationery_Europe,50,5470,15.51,1,1,1,1
P797,Uniforms,North America,Uniforms_North America,50,15591,41.46,1,2,2,1
P798,Cleaning Supplies,Asia,Cleaning Supplies_Asia,76,15200,16.96,3,3,2,1
P799,Cleaning Supplies,Asia,Cleaning Supplies_Asia,49,7073,49.85,1,1,1,1
P800,Uniforms,North America,Uniforms_North America,24,7032,45.46,3,1,2,1
P801,Office Stationery,Europe,Office Stationery_Europe,36,9651,11.15,2,2,2,1
P802,Uniforms,North America,Uniforms_North America,81,12282,48.36,3,1,2,1
P803,Printer Ink,North America,Printer Ink_North America,89,18210,37.59,3,2,2,1
P804,Uniforms,North America,Uniforms_North America,22,12867,40.02,1,3,1,1
P805,Printer Ink,North America,Printer Ink_North America,55,10191,17.12,1,1,1,1
P806,Cleaning Supplies,Asia,Cleaning Supplies_Asia,24,16675,39.56,1,3,1,1
P807,Cleaning Supplies,Asia,Cleaning Supplies_Asia,44,16980,46.47,1,1,1,1
P808,Cleaning Supplies,Asia,Cleaning Supplies_Asia,78,5677,42.03,2,1,2,1
P809,Uniforms,North America,Uniforms_North America,12,19236,28.56,2,1,2,1
P810,Cleaning Supplies,Asia,Cleaning Supplies_Asia,19,14493,35.26,2,2,1,1
P811,Office Stationery,Europe,Office Stationery_Europe,19,5250,41.12,1,1,1,1
P812,Cleaning Supplies,Asia,Cleaning Supplies_Asia,54,18029,26.76,2,2,1,1
P813,Uniforms,North America,Uniforms_North America,17,9710,14.38,1,2,1,1
P814,Office Stationery,Europe,Office Stationery_Europe,8,8675,41.07,1,1,1,1
P815,Office Stationery,Europe,Office Stationery_Europe,52,8170,49.52,2,2,2,1
P816,Office Stationery,Europe,Office Stationery_Europe,55,14019,21.25,2,2,1,1
P817,Uniforms,North America,Uniforms_North America,32,8735,21.98,3,3,1,1
P818,Office Stationery,Europe,Office Stationery_Europe,44,6460,41.6,1,1,1,1
P819,Printer Ink,North America,Printer Ink_North America,23,9378,14.63,2,1,2,1
P820,Printer Ink,North America,Printer Ink_North America,36,18186,23.66,1,2,2,1
P821,Office Stationery,Europe,Office Stationery_Europe,45,13802,48.09,2,1,1,1
P822,Cleaning Supplies,Asia,Cleaning Supplies_Asia,33,13123,49.31,1,1,1,1
P823,Printer Ink,North America,Printer Ink_North America,67,14604,33.97,1,2,2,1
P824,Cleaning Supplies,Asia,Cleaning Supplies_Asia,73,14848,15.02,1,1,2,1
P825,Office Stationery,Europe,Office Stationery_Europe,82,17171,44.4,2,2,2,1
P826,Cleaning Supplies,Asia,Cleaning Supplies_Asia,37,14420,35.07,2,1,1,1
P827,Office Stationery,Europe,Office Stationery_Europe,45,11343,40.14,2,1,2,1
P828,Office Stationery,Europe,Office Stationery_Europe,56,5727,13.63,1,2,2,1
P829,Office Stationery,Europe,Office Stationery_Europe,86,6550,46.11,1,1,2,1
P830,Office Stationery,Europe,Office Stationery_Europe,22,9241,42.09,1,3,1,1
P831,Printer Ink,North America,Printer Ink_North America,31,16926,38.01,1,1,1,1
P832,Office Stationery,Europe,Office Stationery_Europe,59,7233,30.54,1,2,2,1
P833,Printer Ink,North America,Printer Ink_North America,39,19781,42.22,2,1,2,1
P834,Uniforms,North America,Uniforms_North America,31,15970,32.91,1,2,2,1
P835,Uniforms,North America,Uniforms_North America,86,5858,40.93,1,2,2,1
P836,Printer Ink,North America,Printer Ink_North America,56,6447,31.76,1,1,2,1
P837,Printer Ink,North America,Printer Ink_North America,15,11952,20.33,1,2,2,1
P838,Uniforms,North America,Uniforms_North America,76,15195,19.5,2,1,2,1
P839,Office Stationery,Europe,Office Stationery_Europe,37,14336,12.09,3,1,2,1
P840,Uniforms,North America,Uniforms_North America,69,14951,21.27,1,1,1,1
P841,Cleaning Supplies,Asia,Cleaning Supplies_Asia,15,12795,22.86,1,1,2,1
P842,Uniforms,North America,Uniforms_North America,69,18493,11.52,1,1,2,1
P843,Printer Ink,North America,Printer Ink_North America,49,15339,41.47,2,2,2,1
P844,Office Stationery,Europe,Office Stationery_Europe,56,8690,45.21,2,1,2,1
P845,Cleaning Supplies,Asia,Cleaning Supplies_Asia,17,9938,42.07,2,1,2,1
P846,Office Stationery,Europe,Office Stationery_Europe,17,8981,13.81,1,2,2,1
P847,Printer Ink,North America,Printer Ink_North America,31,14126,16.94,3,3,2,1
P848,Office Stationery,Europe,Office Stationery_Europe,19,9655,49.82,2,2,2,1
P849,Office Stationery,Europe,Office Stationery_Europe,64,13712,29.56,1,1,1,1
P850,Cleaning Supplies,Asia,Cleaning Supplies_Asia,84,9607,35.03,1,2,1,1
P851,Printer Ink,North America,Printer Ink_North America,13,6857,32.87,1,1,2,1
P852,Cleaning Supplies,Asia,Cleaning Supplies_Asia,33,10072,10.88,3,2,2,1
P853,Cleaning Supplies,Asia,Cleaning Supplies_Asia,30,15085,14.04,3,2,2,1
P854,Office Stationery,Europe,Office Stationery_Europe,40,6386,13.75,3,3,2,1
P855,Printer Ink,North America,Printer Ink_North America,88,19940,13.62,2,2,2,1
P856,Uniforms,North America,Uniforms_North America,55,8308,29.86,3,1,1,1
P857,Cleaning Supplies,Asia,Cleaning Supplies_Asia,46,9782,24.66,2,3,2,1
P858,Uniforms,North America,Uniforms_North America,88,16774,25.17,1,2,2,1
P859,Uniforms,North America,Uniforms_North America,26,17955,33.14,3,2,1,1
P860,Printer Ink,North America,Printer Ink_North America,40,5834,36.03,1,3,1,1
P861,Cleaning Supplies,Asia,Cleaning Supplies_Asia,31,14330,30.01,1,2,2,1
P862,Uniforms,North America,Uniforms_North America,69,8110,32.27,3,2,1,1
P863,Uniforms,North America,Uniforms_North America,89,5212,34.78,1,1,1,1
P864,Cleaning Supplies,Asia,Cleaning Supplies_Asia,46,18777,17.62,2,1,1,1
P865,Uniforms,North America,Uniforms_North America,61,9808,24,1,1,1,1
P866,Uniforms,North America,Uniforms_North America,33,17910,24.58,1,3,2,1
P867,Office Stationery,Europe,Office Stationery_Europe,48,18863,18.3,1,1,2,1
P868,Cleaning Supplies,Asia,Cleaning Supplies_Asia,31,6777,39.78,1,2,1,1
P869,Printer Ink,North America,Printer Ink_North America,41,13343,13.33,3,3,2,1
P870,Office Stationery,Europe,Office Stationery_Europe,23,17708,32.62,2,3,1,1
P871,Office Stationery,Europe,Office Stationery_Europe,83,15972,36.83,1,1,1,1
P872,Office Stationery,Europe,Office Stationery_Europe,26,8845,13.37,1,1,2,1
P873,Office Stationery,Europe,Office Stationery_Europe,31,5968,27.69,2,2,1,1
P874,Office Stationery,Europe,Office Stationery_Europe,62,9725,38.69,1,1,2,1
P875,Uniforms,North America,Uniforms_North America,58,12420,40.5,2,1,2,1
P876,Printer Ink,North America,Printer Ink_North America,64,18391,42.23,3,1,1,1
P877,Office Stationery,Europe,Office Stationery_Europe,68,12174,17.01,3,1,2,1
P878,Uniforms,North America,Uniforms_North America,30,17641,48.2,3,1,1,1
P879,Uniforms,North America,Uniforms_North America,85,14308,28.79,2,3,2,1
P880,Office Stationery,Europe,Office Stationery_Europe,31,6736,36.56,2,3,1,1
P881,Office Stationery,Europe,Office Stationery_Europe,19,6764,33.26,1,1,2,1
P882,Uniforms,North America,Uniforms_North America,45,19382,35.82,2,1,1,1
P883,Office Stationery,Europe,Office Stationery_Europe,87,5391,27.07,1,2,1,1
P884,Cleaning Supplies,Asia,Cleaning Supplies_Asia,70,16930,32.46,2,1,2,1
P885,Printer Ink,North America,Printer Ink_North America,59,11671,33.32,2,1,1,1
P886,Office Stationery,Europe,Office Stationery_Europe,79,8883,11.91,1,3,2,1
P887,Printer Ink,North America,Printer Ink_North America,49,19168,25.42,2,2,1,1
P888,Uniforms,North America,Uniforms_North America,37,9277,20.49,1,1,1,1
P889,Printer Ink,North America,Printer Ink_North America,15,14716,29.63,1,3,2,1
P890,Cleaning Supplies,Asia,Cleaning Supplies_Asia,84,12213,31.18,2,2,2,1
P891,Printer Ink,North America,Printer Ink_North America,50,6909,49.98,2,2,2,1
P892,Cleaning Supplies,Asia,Cleaning Supplies_Asia,67,8061,13.79,3,1,2,1
P893,Printer Ink,North America,Printer Ink_North America,65,12280,37.41,1,1,2,1
P894,Cleaning Supplies,Asia,Cleaning Supplies_Asia,55,15284,38.09,1,3,2,1
P895,Uniforms,North America,Uniforms_North America,53,13458,18.79,1,1,2,1
P896,Cleaning Supplies,Asia,Cleaning Supplies_Asia,88,14063,34.88,3,2,2,1
P897,Office Stationery,Europe,Office Stationery_Europe,45,9357,10.4,1,3,2,1
P898,Uniforms,North America,Uniforms_North America,42,16401,34.15,1,1,1,1
P899,Office Stationery,Europe,Office Stationery_Europe,77,13728,24.87,1,1,1,1
P900,Office Stationery,Europe,Office Stationery_Europe,29,8400,43.64,1,1,2,1
P901,Printer Ink,North America,Printer Ink_North America,37,6103,12.09,3,2,1,1
P902,Office Stationery,Europe,Office Stationery_Europe,74,11017,43.81,3,2,1,1
P903,Printer Ink,North America,Printer Ink_North America,77,14638,48.39,1,3,1,1
P904,Cleaning Supplies,Asia,Cleaning Supplies_Asia,32,16560,44.33,2,1,2,1
P905,Printer Ink,North America,Printer Ink_North America,76,8740,44.72,2,1,1,1
P906,Office Stationery,Europe,Office Stationery_Europe,71,11941,23.46,1,2,1,1
P907,Printer Ink,North America,Printer Ink_North America,58,9234,39.74,1,1,1,1
P908,Printer Ink,North America,Printer Ink_North America,32,17762,38.52,1,1,1,1
P909,Office Stationery,Europe,Office Stationery_Europe,83,13705,34.31,1,1,1,1
P910,Cleaning Supplies,Asia,Cleaning Supplies_Asia,52,12846,26.81,1,1,2,1
P911,Uniforms,North America,Uniforms_North America,25,9508,12.4,3,1,2,1
P912,Office Stationery,Europe,Office Stationery_Europe,19,8273,44.95,1,2,2,1
P913,Office Stationery,Europe,Office Stationery_Europe,69,17664,20,2,3,2,1
P914,Office Stationery,Europe,Office Stationery_Europe,23,11605,20.89,1,2,2,1
P915,Uniforms,North America,Uniforms_North America,80,6875,33.86,1,1,2,1
P916,Cleaning Supplies,Asia,Cleaning Supplies_Asia,64,9311,31.47,2,3,2,1
P917,Office Stationery,Europe,Office Stationery_Europe,85,15629,11.45,1,1,2,1
P918,Cleaning Supplies,Asia,Cleaning Supplies_Asia,71,16109,22.23,3,1,1,1
P919,Uniforms,North America,Uniforms_North America,77,9005,21.43,2,3,1,1
P920,Printer Ink,North America,Printer Ink_North America,61,10260,31.97,1,3,2,1
P921,Office Stationery,Europe,Office Stationery_Europe,73,8301,27.99,2,2,1,1
P922,Uniforms,North America,Uniforms_North America,56,17915,26.42,2,1,2,1
P923,Cleaning Supplies,Asia,Cleaning Supplies_Asia,32,14587,44.6,1,2,1,1
P924,Printer Ink,North America,Printer Ink_North America,26,14280,15.4,3,2,2,1
P925,Office Stationery,Europe,Office Stationery_Europe,30,19731,40.27,1,1,2,1
P926,Cleaning Supplies,Asia,Cleaning Supplies_Asia,32,8003,11.67,1,1,1,1
P927,Cleaning Supplies,Asia,Cleaning Supplies_Asia,43,16760,36.22,3,1,1,1
P928,Office Stationery,Europe,Office Stationery_Europe,20,15139,24.91,2,3,1,1
P929,Uniforms,North America,Uniforms_North America,62,16039,42.13,2,1,2,1
P930,Office Stationery,Europe,Office Stationery_Europe,28,5669,21.79,3,1,2,1
P931,Cleaning Supplies,Asia,Cleaning Supplies_Asia,28,17627,41.94,1,1,1,1
P932,Cleaning Supplies,Asia,Cleaning Supplies_Asia,13,19024,44.28,2,3,2,1
P933,Uniforms,North America,Uniforms_North America,70,5486,40.89,1,1,1,1
P934,Cleaning Supplies,Asia,Cleaning Supplies_Asia,80,13572,10.69,3,2,1,1
P935,Uniforms,North America,Uniforms_North America,72,12756,36.58,1,3,1,1
P936,Uniforms,North America,Uniforms_North America,71,7587,14.53,1,2,1,1
P937,Cleaning Supplies,Asia,Cleaning Supplies_Asia,70,19306,12.96,1,1,1,1
P938,Office Stationery,Europe,Office Stationery_Europe,40,9331,16.97,1,2,1,1
P939,Printer Ink,North America,Printer Ink_North America,47,9320,12.53,1,3,1,1
P940,Cleaning Supplies,Asia,Cleaning Supplies_Asia,34,10539,49,1,1,1,1
P941,Uniforms,North America,Uniforms_North America,35,16215,16.59,2,1,1,1
P942,Printer Ink,North America,Printer Ink_North America,10,7001,12.19,1,3,1,1
P943,Uniforms,North America,Uniforms_North America,67,15344,44.99,1,2,2,1
P944,Cleaning Supplies,Asia,Cleaning Supplies_Asia,29,18824,25.94,1,3,1,1
P945,Uniforms,North America,Uniforms_North America,67,17129,15.92,1,2,1,1
P946,Printer Ink,North America,Printer Ink_North America,56,19792,42.72,1,2,2,1
P947,Office Stationery,Europe,Office Stationery_Europe,7,17234,12.18,2,1,2,1
P948,Uniforms,North America,Uniforms_North America,49,16650,47.43,2,2,1,1
P949,Cleaning Supplies,Asia,Cleaning Supplies_Asia,78,8201,18.61,2,1,2,1
P950,Uniforms,North America,Uniforms_North America,25,12083,25.5,1,1,2,1
P951,Printer Ink,North America,Printer Ink_North America,56,13490,36.82,2,1,2,1
P952,Cleaning Supplies,Asia,Cleaning Supplies_Asia,67,14069,30.58,3,1,1,1
P953,Cleaning Supplies,Asia,Cleaning Supplies_Asia,76,15095,19.07,1,3,1,1
P954,Printer Ink,North America,Printer Ink_North America,62,12320,39.42,2,1,2,1
P955,Cleaning Supplies,Asia,Cleaning Supplies_Asia,72,12593,42.58,2,1,1,1
P956,Cleaning Supplies,Asia,Cleaning Supplies_Asia,78,12586,48.32,1,1,1,1
P957,Printer Ink,North America,Printer Ink_North America,71,8167,17.71,1,1,2,1
P958,Office Stationery,Europe,Office Stationery_Europe,18,9477,31.43,2,1,2,1
P959,Office Stationery,Europe,Office Stationery_Europe,26,14546,29.31,1,2,1,1
P960,Printer Ink,North America,Printer Ink_North America,36,16294,29.34,2,2,2,1
P961,Office Stationery,Europe,Office Stationery_Europe,87,10255,17.98,2,1,1,1
P962,Uniforms,North America,Uniforms_North America,59,6885,44.06,2,3,1,1
P963,Printer Ink,North America,Printer Ink_North America,50,12171,40.2,2,2,1,1
P964,Uniforms,North America,Uniforms_North America,79,9947,18.41,1,1,2,1
P965,Uniforms,North America,Uniforms_North America,64,13959,37.92,1,2,2,1
P966,Printer Ink,North America,Printer Ink_North America,83,16340,27.83,2,1,2,1
P967,Cleaning Supplies,Asia,Cleaning Supplies_Asia,30,10487,31.51,1,1,2,1
P968,Cleaning Supplies,Asia,Cleaning Supplies_Asia,14,8374,38.44,1,2,2,1
P969,Uniforms,North America,Uniforms_North America,55,12631,42.78,2,1,1,1
P970,Printer Ink,North America,Printer Ink_North America,84,16595,48.76,2,2,1,1
P971,Cleaning Supplies,Asia,Cleaning Supplies_Asia,52,16462,36.42,1,1,1,1
P972,Uniforms,North America,Uniforms_North America,89,11300,21.7,1,1,1,1
P973,Cleaning Supplies,Asia,Cleaning Supplies_Asia,11,19104,38.84,1,3,2,1
P974,Printer Ink,North America,Printer Ink_North America,71,19581,42.19,1,2,2,1
P975,Cleaning Supplies,Asia,Cleaning Supplies_Asia,16,18603,16.39,1,3,2,1
P976,Office Stationery,Europe,Office Stationery_Europe,63,9890,19.45,2,2,1,1
P977,Uniforms,North America,Uniforms_North America,79,7916,31.34,1,2,1,1
P978,Cleaning Supplies,Asia,Cleaning Supplies_Asia,34,12190,34.27,1,1,1,1
P979,Printer Ink,North America,Printer Ink_North America,15,8621,39.91,2,3,2,1
P980,Office Stationery,Europe,Office Stationery_Europe,16,19250,29.73,1,2,2,1
P981,Uniforms,North America,Uniforms_North America,69,11507,33.47,2,2,1,1
P982,Uniforms,North America,Uniforms_North America,55,10130,33.63,1,2,2,1
P983,Cleaning Supplies,Asia,Cleaning Supplies_Asia,29,15055,29.48,2,2,1,1
P984,Office Stationery,Europe,Office Stationery_Europe,64,13480,14.79,1,2,2,1
P985,Office Stationery,Europe,Office Stationery_Europe,21,6195,30.81,3,2,2,1
P986,Printer Ink,North America,Printer Ink_North America,69,15313,19.69,3,2,1,1
P987,Office Stationery,Europe,Office Stationery_Europe,87,7431,17.31,1,1,1,1
P988,Printer Ink,North America,Printer Ink_North America,17,9814,40.6,2,1,1,1
P989,Printer Ink,North America,Printer Ink_North America,50,19746,11.52,1,1,2,1
P990,Cleaning Supplies,Asia,Cleaning Supplies_Asia,82,12377,43.42,1,1,1,1
P991,Office Stationery,Europe,Office Stationery_Europe,16,16317,49.85,3,2,2,1
P992,Cleaning Supplies,Asia,Cleaning Supplies_Asia,85,6181,26.64,2,2,1,1
P993,Office Stationery,Europe,Office Stationery_Europe,69,6774,46.32,1,2,1,1
P994,Office Stationery,Europe,Office Stationery_Europe,22,19231,31.36,1,1,1,1
P995,Cleaning Supplies,Asia,Cleaning Supplies_Asia,36,7922,22.98,1,1,2,1
P996,Printer Ink,North America,Printer Ink_North America,19,19648,10.2,2,1,1,1
P997,Cleaning Supplies,Asia,Cleaning Supplies_Asia,21,19143,15.3,1,2,1,1
P998,Uniforms,North America,Uniforms_North America,70,5352,30.23,1,3,2,1
P999,Printer Ink,North America,Printer Ink_North America,44,18070,30.73,1,1,2,1